{
    "SettingsVersion": 2.0,
    "SimMode": "Multirotor",
    "ClockType": "SteppableClock",
    "ClockSpeed": 1.0,
    "ViewMode": "NoDisplay",
    "LogMessagesVisible": true,
    "ApiServerPort": 41451,
    "OriginGeopoint": {
        "Latitude": 47.63999938964844,
        "Longitude": -122.13999938964844,
        "Altitude": 122.0
    },
    "TimeOfDay": {
        "Enabled": true,
        "StartDateTime": "2024-12-13 20:0:0",
        "CelestialClockSpeed": 1,
        "StartDateTimeDst": false,
        "UpdateIntervalSecs": 1
    },
    "Wind": {
        "X": 0.0,
        "Y": -0.0,
        "Z": -0.0
    },
    "Vehicles": {
        "AGENT05": {
            "VehicleType": "SimpleFlight",
            "DefaultVehicleState": "Armed",
            "AutoCreate": true,
            "X": 15.0,
            "Y": -20.0,
            "Z": -100.0,
            "Roll": 0.0,
            "Pitch": -0.0,
            "Yaw": -0.0,
            "Cameras": {
                "HEAD13": {
                    "CaptureSettings": [
                        {
                            "ImageType": 0,
                            "Width": 5120,
                            "Height": 2880,
                            "FOV_Degrees": 146.283203125
                        }
                    ],
                    "X": 0.0,
                    "Y": -0.0,
                    "Z": 0.15000000596046448,
                    "Roll": 0.0,
                    "Pitch": -90.0,
                    "Yaw": 0.0,
                    "EnableGimbal": true,
                    "CameraVisible": true,
                    "Gimbal": {
                        "YawMin": -320.0,
                        "PitchMin": -40.0,
                        "RollMin": -20.0,
                        "YawMax": 320.0,
                        "PitchMax": 130.0,
                        "RollMax": 20.0,
                        "YawSpeed": 0.08224670588970184,
                        "PitchSpeed": 0.054831139743328094,
                        "RollSpeed": 0.054831139743328094,
                        "YawRiseTime": 0.05999999865889549,
                        "PitchRiseTime": 0.05000000074505806,
                        "RollRiseTime": 0.10000000149011612,
                        "YawDamping": 0.949999988079071,
                        "PitchDamping": 0.9900000095367432,
                        "RollDamping": 0.9700000286102295,
                        "Roll": 0.0,
                        "Pitch": 0.0,
                        "Yaw": -90.0
                    }
                },
                "CAM_AGENT05": {
                    "CaptureSettings": [
                        {
                            "ImageType": 0,
                            "Width": 1280,
                            "Height": 720,
                            "FOV_Degrees": 70
                        }
                    ],
                    "X": -1.5,
                    "Y": 1.5,
                    "Z": -1.5,
                    "Roll": 0.0,
                    "Pitch": -33.33000183105469,
                    "Yaw": -45.0
                },
                "CAM_SCENE": {
                    "CaptureSettings": [
                        {
                            "ImageType": 0,
                            "Width": 1920,
                            "Height": 1080,
                            "FOV_Degrees": 90
                        }
                    ],
                    "X": -75.0,
                    "Y": 75.0,
                    "Z": -75.0,
                    "Roll": 0.0,
                    "Pitch": -33.33000183105469,
                    "Yaw": -45.0,
                    "External": true
                }
            }
        }
    },
    "SubWindows": [
        {
            "WindowID": 0,
            "CameraName": "",
            "ImageType": 0,
            "VehicleName": "",
            "Visible": true
        },
        {
            "WindowID": 1,
            "CameraName": "",
            "ImageType": 0,
            "VehicleName": "",
            "Visible": true
        },
        {
            "WindowID": 2,
            "CameraName": "",
            "ImageType": 0,
            "VehicleName": "",
            "Visible": true
        },
        {
            "WindowID": 3,
            "CameraName": "",
            "ImageType": 0,
            "VehicleName": "",
            "Visible": true
        },
        {
            "WindowID": 4,
            "CameraName": "",
            "ImageType": 0,
            "VehicleName": "",
            "Visible": true
        },
        {
            "WindowID": 5,
            "CameraName": "",
            "ImageType": 0,
            "VehicleName": "",
            "Visible": true
        },
        {
            "WindowID": 6,
            "CameraName": "",
            "ImageType": 0,
            "VehicleName": "",
            "Visible": true
        },
        {
            "WindowID": 7,
            "CameraName": "",
            "ImageType": 0,
            "VehicleName": "",
            "Visible": true
        },
        {
            "WindowID": 8,
            "CameraName": "",
            "ImageType": 0,
            "VehicleName": "",
            "Visible": true
        }
    ]
}